Name,Asst1,Asst2,Asst3,Asst4,Exam,
(Out of),10,10,10,10,100,100
Adam,9,8,8,6,60,67
Bing,7,8,7,9,75,76
Carla,6,,5,,,11
Darius,6,7,10,,80,71
Ellen,8,8,,9,92,80.2
mean,7,7.666666667,7.5,8.5,71.66666667,73.66666667